M0,M1,M2,M3,M4,M5,M6,M7,M8
ABCC9,ACADL,ABCA8,ANKRD44,ABCA1,ACSL1,ABCA5,AEBP2,ARID5B
ACE2,ADAM19,ACTA2,ANKRD6,ABCC4,AK4,AFAP1L1,ARF6,CCDC3
ACSM4,ANGPT1,ACTC1,ANXA1,ABCG2,ALCAM,ATP7A,ARRDC3,DKK1
ADAM28,ANKRD1,ADAM12,APLNR,ADAMTS1,ALG6,BMP3,BAG4,KCNA6
AGL,ASTN1,AFAP1L2,ARL6,AFF2,ANXA3,C7,C10orf46,LIG4
ALDH1A3,ATG4C,ALDH1A2,ASXL3,ANO5,BEND4,CREB5,DCP2,NFIA
ALKBH8,BDNF,ANO1,ATP9A,ASPM,C12orf23,CREBRF,DCUN1D4,OXTR
ANGPT2,BHLHE41,AQP1,BACH2,AXL,C1orf114,CRISPLD2,DPYSL2,PAPPA
AP1S2,BNC2,ARHGDIB,BMPER,C9orf72,C1orf226,DCX,ETNK1,PDLIM3
APOL6,BTBD11,ART4,BOC,CA2,C1orf88,DENND1B,FAM117B,PLOD2
ARSJ,C19orf66,BMP5,C11orf87,CASC5,CADPS2,DOK5,IGDCC4,PMP22
ASNS,C1S,C18orf34,C3orf58,CAV1,CDH1,EIF3CL,ITGB8,RSPO3
ATP8A1,C2orf80,C2orf66,CAPN14,CBLN1,CDK6,ERCC-00002,PIP4K2A,
ATRNL1,CADPS,C7orf58,CASP7,CD44,CDKN2B,ERCC-00003,PPP1CB,
ATXN1,CALB1,CALCRL,CDH11,CDH6,COL4A1,ERCC-00004,PPP3CA,
B4GALT4,CALCB,CCDC80,CLDN11,CDK1,CYBRD1,ERCC-00009,PTBP2,
BAALC,CAMKV,CCRL2,CMKLR1,CDX1,CYP2U1,ERCC-00042,RAP2C,
BCAT1,CAPN6,CD34,CNTNAP3B,CDX2,DCLK1,ERCC-00043,SHISA2,
BNIP3,CER1,CDH13,COBLL1,CENPE,DCLRE1A,ERCC-00046,SLC39A10,
C11orf82,CHST4,CDH5,COL6A5,CENPF,DMXL2,ERCC-00074,SRSF6,
C18orf1,CHST9,COL15A1,COMMD3-BMI1,CENPQ,DUSP2,ERCC-00096,TLK1,
C1GALT1,CNKSR2,COL1A1,CTGF,COCH,EFEMP1,ERCC-00108,VSIG10,
C5,CNR1,COL3A1,CTHRC1,CSRNP3,EGFLAM,ERCC-00113,,
C8orf4,CNTN1,COL6A3,DMP1,CXXC4,EML1,ERCC-00130,,
C9orf47,COL14A1,CRHBP,DNAH2,CYP1B1,EPB41L4B,ERCC-00136,,
CALCR,COL9A1,CYSLTR1,DOCK11,DDIT4,EPCAM,ERCC-00171,,
CAMK2D,CR2,DLK1,DOCK2,DEPDC1,FAM154B,F2RL2,,
CASQ2,CUZD1,DLL4,DPYD,DLGAP5,FAM220A,IGF1,,
CCDC81,CXADR,ECSCR,DUSP6,DLX6,FAM46A,MPL,,
CCKBR,CXorf57,EDIL3,EDNRA,EBF3,FGF19,PIK3CG,,
CCNE2,DDAH1,ELTD1,ERO1LB,FABP5,FGF2,RHOJ,,
CD24,DDIT4L,ENDOD1,EVI2A,FAM167A,GLDC,S1PR1,,
CD48,DDX25,ENTPD3,FAM49A,FAM184A,GNG3,SYT13,,
CDRT4,DHRS3,ERG,FAM70A,FGF12,HIST1H4C,SYTL4,,
CERKL,DPEP1,FAM198B,FGF13,FGFBP1,HOOK1,TLR4,,
CHL1,DPPA4,FAT4,FIBIN,FILIP1L,HS6ST2,TMEM67,,
CLDN1,DYSF,FCN3,FMOD,FZD10,IGF2,ZFP30,,
CLGN,EAF2,FLI1,FRMD4B,FZD5,IGFBP5,,,
CNTN3,EIF4E3,FLT1,FSHR,GATM,IMPAD1,,,
CNTNAP2,ELAVL2,FRMPD4,GNG2,GCNT2,INA,,,
COL5A2,ENPP5,GIMAP4,GPR183,GREM1,ITGA4,,,
CPE,ESRP1,GMFG,GPR83,HAS2,KCTD12,,,
CSMD3,ETV1,GPBAR1,GRIK5,HOXD1,KIAA1467,,,
CXCR4,FAAH2,GPR124,HAPLN1,HS3ST4,L1TD1,,,
CYP26A1,FAM19A4,HGF,HECA,HTR7,MAP1B,,,
CYP3A43,FN1,HHEX,HEY2,ID2,MAP4K3,,,
DACH1,FREM2,HOPX,IFI16,ID4,MARC1,,,
DGKI,FRY,HOXA10,IFITM1,KIF18A,MLLT3,,,
DIO3,GABRA5,HOXA11,ISL1,KIT,MOB3B,,,
DKK4,GABRB2,HOXA13,ITGA1,KITLG,NAP1L2,,,
DOK6,GABRP,HOXA9,KIAA1024,KRT16,NEFL,,,
DPP10,GALNT3,HTN1,KIFAP3,LCP1,NELL2,,,
DTL,GDAP1,HTN3,LHFP,LYPD1,NLGN4X,,,
DUSP4,GIPC2,HTR1F,LIFR,MFAP4,NPFFR2,,,
ECM1,GNA14,HTRA1,LIX1,MRS2,NT5DC3,,,
EDA,GPR160,ICAM2,LRFN5,MT-CO1,NXT2,,,
EFHC2,GRHL1,IGFBP7,LRRC32,NCAPG,OLFML3,,,
ELOVL2,GRIA4,IL2RB,LYPD6B,NDC80,OR5P2,,,
ERBB4,GUCA1A,IL7R,LYST,NEBL,OTX2,,,
ERCC6L,HAL,JAG1,MAGEB3,NTS,PCDHA11,,,
ESRRG,HDAC9,KBTBD10,MAL2,PCDH8,PDE12,,,
FAM155A,HESX1,KCTD16,MECOM,PHACTR2,PDE4B,,,
FAM18B2-CDRT4,ITGA6,KLRC4-KLRK1,MEGF9,PLA2G2A,PKM2,,,
FAM20A,KCNG3,LAPTM5,MYH8,PLK4,PLCXD3,,,
FAM214A,KCNJ2,LGI1,NEDD9,POSTN,PLK2,,,
FAM69A,KLF9,LIMCH1,NRG1,PTGR1,PLP1,,,
FAXC,KLHL13,LPPR5,NRP1,RASGRP1,PMAIP1,,,
FLRT3,LECT1,LRRC36,NTN4,RFTN2,POLR3G,,,
FMN2,LEPREL1,MAML2,OAS1,RIN2,PROM1,,,
FREM1,LHX1,MEF2C,OGN,RUNX3,RAB39B,,,
FRZB,LMO3,MEOX1,OMD,SEMA3A,RAVER2,,,
GABRE,LRAT,MS4A3,OPCML,SEMA3C,REPS2,,,
GAN,LRRC49,MYZAP,PCDH17,SERINC5,RHOBTB3,,,
GJA4,LRRTM4,NAALAD2,PCDH19,SERTAD4,RIT2,,,
GJA5,LSAMP,NID2,PDE10A,SEZ6L,RNASE1,,,
GLMN,MAP7D2,NNMT,PDGFRA,SFRP1,RYR2,,,
GMFB,MATN2,NPNT,PDZRN3,SGCG,SEL1L3,,,
GNG11,MEGF10,NTRK3,PENK,SGOL2,SEMA6A,,,
GPR126,MGAT4C,ODF3L1,PODXL,SLC5A9,SFRP2,,,
GPSM2,MMP16,OIT3,PRIMA1,SMAD2,SH2D5,,,
GRIK2,MOCOS,PCDH12,PRR9,ST6GAL2,SLC6A15,,,
GUCY1A2,MX1,PLD1,PRTG,STC1,ST8SIA1,,,
GUCY1A3,NANOG,PLSCR5,PURA,SYT4,TERF1,,,
GUCY1B3,NFE2L3,PLVAP,RALYL,T,UGP2,,,
GYPA,NLGN1,PRKCE,RCSD1,TAF5,VASH2,,,
GYPB,PAH,PTGFR,RGS13,TFAP2A,,,,
GYPE,PAIP2B,RBMS3,RGS2,TMEM132B,,,,
HDC,PARM1,RERG,RND3,TOP2A,,,,
HLA-DRB1,PCLO,RGS1,RUNX1,TTC29,,,,
IL18R1,PHC1,RGS5,SEMA6D,TTK,,,,
IL6ST,PLCH1,RNASE2,SLC35G1,VAT1L,,,,
IL9R,PLS1,RSPO2,SLC40A1,VCAN,,,,
KCNJ3,PMEL,SAMSN1,SLC5A12,,,,,
KCNQ3,PON1,SELE,SNAI2,,,,,
KIAA0895,PROS1,SH2D3C,SOX4,,,,,
KPNA2,PRUNE2,SLC39A2,SPHKAP,,,,,
LOXL4,PTPRZ1,SLITRK6,SPON1,,,,,
LPA,RABGAP1L,SLN,SVEP1,,,,,
LRRCC1,RORB,SMTNL1,TBL1XR1,,,,,
LUM,SAMHD1,SNCAIP,TMEM154,,,,,
MATN3,SCG3,SOST,TNFRSF11B,,,,,
MEPE,SEMA3E,SRPX2,TTC9,,,,,
MTSS1,SERPINB9,ST6GALNAC3,WNT5A,,,,,
MTUS1,SERPINE2,STAB1,,,,,,
MYCT1,SH3BGRL,SYTL5,,,,,,
NDST4,SH3GL2,TEK,,,,,,
NR5A2,SHANK2,TFPI,,,,,,
NRCAM,SLAIN1,TGFB2,,,,,,
OR52A1,SLC16A14,THSD4,,,,,,
PAM,SLC22A5,TM4SF1,,,,,,
PCDH20,SLC35F1,TM4SF18,,,,,,
PCSK2,SLC38A4,TMEM100,,,,,,
PDGFB,SLC8A1,TMEM204,,,,,,
PDZRN4,SLCO4A1,TNFRSF19,,,,,,
PGM5,SMPDL3B,VEGFC,,,,,,
PHLDA1,SNTB1,WISP1,,,,,,
PIK3R5,SORBS2,,,,,,,
PKHD1L1,SOX2,,,,,,,
PLCB1,SPIN2A,,,,,,,
PLSCR4,SPTSSB,,,,,,,
POLR3GL,STEAP1,,,,,,,
PPFIBP2,SYT6,,,,,,,
PRDM1,SYT9,,,,,,,
PRKAR2B,TMEM144,,,,,,,
PRKG1,TMEM200A,,,,,,,
RBM20,TMEM47,,,,,,,
RCAN2,TNMD,,,,,,,
RELN,TOX,,,,,,,
RFESD,TOX3,,,,,,,
RFPL2,TRIM22,,,,,,,
RHAG,TRIM9,,,,,,,
RIPPLY1,UNC5D,,,,,,,
RNASE4,USP44,,,,,,,
S1PR3,VAMP7,,,,,,,
SAMD3,VIM,,,,,,,
SEPP1,VSNL1,,,,,,,
SERHL2,WSCD1,,,,,,,
SPINK5,ZFAND4,,,,,,,
ST8SIA4,ZNF165,,,,,,,
TDRD7,,,,,,,,
THSD7B,,,,,,,,
TPPP3,,,,,,,,
TRPC4,,,,,,,,
UNC13C,,,,,,,,
VAV3,,,,,,,,
VWF,,,,,,,,
ZNF107,,,,,,,,
